approach,scenario_id,scenario_name,difficulty,challenge_type,from_version,later_versions,preserved_success_count,success_preservation_rate
gpt_pdd_group_a1,1,easy_open_short_path,easy,straight_line,1,2,2,1.0
gpt_pdd_group_a1,1,easy_open_short_path,easy,straight_line,2,1,1,1.0
gpt_pdd_group_a1,1,easy_open_short_path,easy,straight_line,3,0,0,
gpt_pdd_group_a1,3,easy_l_wall_one_turn,easy,single_detour,3,0,0,
gpt_pdd_group_a1,6,medium_straight_narrow_corridor,medium,corridor,1,2,2,1.0
gpt_pdd_group_a1,6,medium_straight_narrow_corridor,medium,corridor,2,1,1,1.0
gpt_pdd_group_a1,6,medium_straight_narrow_corridor,medium,corridor,3,0,0,
gpt_pdd_group_a1,11,hard_maze_one_dead_end,hard,dead_end,3,0,0,
gpt_pdd_group_a3,1,easy_open_short_path,easy,straight_line,6,1,1,1.0
gpt_pdd_group_a3,1,easy_open_short_path,easy,straight_line,7,0,0,
gpt_pdd_group_a3,6,medium_straight_narrow_corridor,medium,corridor,6,1,1,1.0
gpt_pdd_group_a3,6,medium_straight_narrow_corridor,medium,corridor,7,0,0,
gpt_pdd_group_b1,1,easy_open_short_path,easy,straight_line,2,6,6,1.0
gpt_pdd_group_b1,1,easy_open_short_path,easy,straight_line,3,5,5,1.0
gpt_pdd_group_b1,1,easy_open_short_path,easy,straight_line,4,4,4,1.0
gpt_pdd_group_b1,1,easy_open_short_path,easy,straight_line,5,3,3,1.0
gpt_pdd_group_b1,1,easy_open_short_path,easy,straight_line,6,2,2,1.0
gpt_pdd_group_b1,1,easy_open_short_path,easy,straight_line,7,1,1,1.0
gpt_pdd_group_b1,1,easy_open_short_path,easy,straight_line,8,0,0,
gpt_pdd_group_b1,3,easy_l_wall_one_turn,easy,single_detour,6,2,2,1.0
gpt_pdd_group_b1,3,easy_l_wall_one_turn,easy,single_detour,7,1,1,1.0
gpt_pdd_group_b1,3,easy_l_wall_one_turn,easy,single_detour,8,0,0,
gpt_pdd_group_b1,4,easy_corner_goal_blocked,easy,single_detour,2,6,3,0.5
gpt_pdd_group_b1,4,easy_corner_goal_blocked,easy,single_detour,3,5,2,0.4
gpt_pdd_group_b1,4,easy_corner_goal_blocked,easy,single_detour,4,4,1,0.25
gpt_pdd_group_b1,4,easy_corner_goal_blocked,easy,single_detour,5,3,0,0.0
gpt_pdd_group_b1,6,medium_straight_narrow_corridor,medium,corridor,2,6,6,1.0
gpt_pdd_group_b1,6,medium_straight_narrow_corridor,medium,corridor,3,5,5,1.0
gpt_pdd_group_b1,6,medium_straight_narrow_corridor,medium,corridor,4,4,4,1.0
gpt_pdd_group_b1,6,medium_straight_narrow_corridor,medium,corridor,5,3,3,1.0
gpt_pdd_group_b1,6,medium_straight_narrow_corridor,medium,corridor,6,2,2,1.0
gpt_pdd_group_b1,6,medium_straight_narrow_corridor,medium,corridor,7,1,1,1.0
gpt_pdd_group_b1,6,medium_straight_narrow_corridor,medium,corridor,8,0,0,
gpt_pdd_group_b1,11,hard_maze_one_dead_end,hard,dead_end,6,2,1,0.5
gpt_pdd_group_b1,11,hard_maze_one_dead_end,hard,dead_end,8,0,0,
gpt_pdd_group_b2,1,easy_open_short_path,easy,straight_line,2,6,5,0.833
gpt_pdd_group_b2,1,easy_open_short_path,easy,straight_line,3,5,4,0.8
gpt_pdd_group_b2,1,easy_open_short_path,easy,straight_line,4,4,3,0.75
gpt_pdd_group_b2,1,easy_open_short_path,easy,straight_line,5,3,2,0.667
gpt_pdd_group_b2,1,easy_open_short_path,easy,straight_line,6,2,1,0.5
gpt_pdd_group_b2,1,easy_open_short_path,easy,straight_line,7,1,0,0.0
gpt_pdd_group_b2,6,medium_straight_narrow_corridor,medium,corridor,2,6,5,0.833
gpt_pdd_group_b2,6,medium_straight_narrow_corridor,medium,corridor,3,5,4,0.8
gpt_pdd_group_b2,6,medium_straight_narrow_corridor,medium,corridor,4,4,3,0.75
gpt_pdd_group_b2,6,medium_straight_narrow_corridor,medium,corridor,5,3,2,0.667
gpt_pdd_group_b2,6,medium_straight_narrow_corridor,medium,corridor,6,2,1,0.5
gpt_pdd_group_b2,6,medium_straight_narrow_corridor,medium,corridor,7,1,0,0.0
gpt_pdd_group_b3,1,easy_open_short_path,easy,straight_line,2,6,6,1.0
gpt_pdd_group_b3,1,easy_open_short_path,easy,straight_line,3,5,5,1.0
gpt_pdd_group_b3,1,easy_open_short_path,easy,straight_line,4,4,4,1.0
gpt_pdd_group_b3,1,easy_open_short_path,easy,straight_line,5,3,3,1.0
gpt_pdd_group_b3,1,easy_open_short_path,easy,straight_line,6,2,2,1.0
gpt_pdd_group_b3,1,easy_open_short_path,easy,straight_line,7,1,1,1.0
gpt_pdd_group_b3,1,easy_open_short_path,easy,straight_line,8,0,0,
gpt_pdd_group_b3,3,easy_l_wall_one_turn,easy,single_detour,2,6,5,0.833
gpt_pdd_group_b3,3,easy_l_wall_one_turn,easy,single_detour,3,5,4,0.8
gpt_pdd_group_b3,3,easy_l_wall_one_turn,easy,single_detour,4,4,3,0.75
gpt_pdd_group_b3,3,easy_l_wall_one_turn,easy,single_detour,5,3,2,0.667
gpt_pdd_group_b3,3,easy_l_wall_one_turn,easy,single_detour,6,2,1,0.5
gpt_pdd_group_b3,3,easy_l_wall_one_turn,easy,single_detour,8,0,0,
gpt_pdd_group_b3,4,easy_corner_goal_blocked,easy,single_detour,3,5,2,0.4
gpt_pdd_group_b3,4,easy_corner_goal_blocked,easy,single_detour,6,2,1,0.5
gpt_pdd_group_b3,4,easy_corner_goal_blocked,easy,single_detour,7,1,0,0.0
gpt_pdd_group_b3,6,medium_straight_narrow_corridor,medium,corridor,2,6,6,1.0
gpt_pdd_group_b3,6,medium_straight_narrow_corridor,medium,corridor,3,5,5,1.0
gpt_pdd_group_b3,6,medium_straight_narrow_corridor,medium,corridor,4,4,4,1.0
gpt_pdd_group_b3,6,medium_straight_narrow_corridor,medium,corridor,5,3,3,1.0
gpt_pdd_group_b3,6,medium_straight_narrow_corridor,medium,corridor,6,2,2,1.0
gpt_pdd_group_b3,6,medium_straight_narrow_corridor,medium,corridor,7,1,1,1.0
gpt_pdd_group_b3,6,medium_straight_narrow_corridor,medium,corridor,8,0,0,
gpt_pdd_group_b3,11,hard_maze_one_dead_end,hard,dead_end,2,6,5,0.833
gpt_pdd_group_b3,11,hard_maze_one_dead_end,hard,dead_end,3,5,4,0.8
gpt_pdd_group_b3,11,hard_maze_one_dead_end,hard,dead_end,4,4,3,0.75
gpt_pdd_group_b3,11,hard_maze_one_dead_end,hard,dead_end,5,3,2,0.667
gpt_pdd_group_b3,11,hard_maze_one_dead_end,hard,dead_end,6,2,1,0.5
gpt_pdd_group_b3,11,hard_maze_one_dead_end,hard,dead_end,8,0,0,
gpt_sdd_a,1,easy_open_short_path,easy,straight_line,2,2,2,1.0
gpt_sdd_a,1,easy_open_short_path,easy,straight_line,3,1,1,1.0
gpt_sdd_a,1,easy_open_short_path,easy,straight_line,4,0,0,
gpt_sdd_a,2,easy_single_obstacle_detour,easy,single_detour,3,1,1,1.0
gpt_sdd_a,2,easy_single_obstacle_detour,easy,single_detour,4,0,0,
gpt_sdd_a,3,easy_l_wall_one_turn,easy,single_detour,2,2,2,1.0
gpt_sdd_a,3,easy_l_wall_one_turn,easy,single_detour,3,1,1,1.0
gpt_sdd_a,3,easy_l_wall_one_turn,easy,single_detour,4,0,0,
gpt_sdd_a,4,easy_corner_goal_blocked,easy,single_detour,2,2,2,1.0
gpt_sdd_a,4,easy_corner_goal_blocked,easy,single_detour,3,1,1,1.0
gpt_sdd_a,4,easy_corner_goal_blocked,easy,single_detour,4,0,0,
gpt_sdd_a,5,easy_two_isolated_obstacles,easy,single_detour,3,1,0,0.0
gpt_sdd_a,6,medium_straight_narrow_corridor,medium,corridor,2,2,0,0.0
gpt_sdd_a,11,hard_maze_one_dead_end,hard,dead_end,2,2,2,1.0
gpt_sdd_a,11,hard_maze_one_dead_end,hard,dead_end,3,1,1,1.0
gpt_sdd_a,11,hard_maze_one_dead_end,hard,dead_end,4,0,0,
gpt_sdd_a,13,hard_long_detour_budget,hard,counterintuitive,3,1,0,0.0
gpt_sdd_b,1,easy_open_short_path,easy,straight_line,2,2,2,1.0
gpt_sdd_b,1,easy_open_short_path,easy,straight_line,3,1,1,1.0
gpt_sdd_b,1,easy_open_short_path,easy,straight_line,4,0,0,
gpt_sdd_b,2,easy_single_obstacle_detour,easy,single_detour,2,2,2,1.0
gpt_sdd_b,2,easy_single_obstacle_detour,easy,single_detour,3,1,1,1.0
gpt_sdd_b,2,easy_single_obstacle_detour,easy,single_detour,4,0,0,
gpt_sdd_b,3,easy_l_wall_one_turn,easy,single_detour,2,2,0,0.0
gpt_sdd_b,4,easy_corner_goal_blocked,easy,single_detour,2,2,1,0.5
gpt_sdd_b,4,easy_corner_goal_blocked,easy,single_detour,4,0,0,
gpt_sdd_b,5,easy_two_isolated_obstacles,easy,single_detour,2,2,1,0.5
gpt_sdd_b,5,easy_two_isolated_obstacles,easy,single_detour,4,0,0,
gpt_sdd_b,6,medium_straight_narrow_corridor,medium,corridor,2,2,1,0.5
gpt_sdd_b,6,medium_straight_narrow_corridor,medium,corridor,4,0,0,
gpt_sdd_b,14,hard_two_dead_ends,hard,dead_end,2,2,0,0.0
gpt_sdd_c,1,easy_open_short_path,easy,straight_line,2,2,2,1.0
gpt_sdd_c,1,easy_open_short_path,easy,straight_line,3,1,1,1.0
gpt_sdd_c,1,easy_open_short_path,easy,straight_line,4,0,0,
gpt_sdd_c,2,easy_single_obstacle_detour,easy,single_detour,2,2,0,0.0
gpt_sdd_c,3,easy_l_wall_one_turn,easy,single_detour,2,2,1,0.5
gpt_sdd_c,3,easy_l_wall_one_turn,easy,single_detour,4,0,0,
gpt_sdd_c,4,easy_corner_goal_blocked,easy,single_detour,2,2,1,0.5
gpt_sdd_c,4,easy_corner_goal_blocked,easy,single_detour,4,0,0,
gpt_sdd_c,5,easy_two_isolated_obstacles,easy,single_detour,2,2,0,0.0
gpt_sdd_c,6,medium_straight_narrow_corridor,medium,corridor,2,2,1,0.5
gpt_sdd_c,6,medium_straight_narrow_corridor,medium,corridor,4,0,0,
gpt_sdd_c,11,hard_maze_one_dead_end,hard,dead_end,2,2,0,0.0
opus_pdd_group_b1,1,easy_open_short_path,easy,straight_line,1,7,5,0.714
opus_pdd_group_b1,1,easy_open_short_path,easy,straight_line,2,6,4,0.667
opus_pdd_group_b1,1,easy_open_short_path,easy,straight_line,3,5,3,0.6
opus_pdd_group_b1,1,easy_open_short_path,easy,straight_line,4,4,2,0.5
opus_pdd_group_b1,1,easy_open_short_path,easy,straight_line,5,3,1,0.333
opus_pdd_group_b1,1,easy_open_short_path,easy,straight_line,6,2,0,0.0
opus_pdd_group_b1,2,easy_single_obstacle_detour,easy,single_detour,2,6,3,0.5
opus_pdd_group_b1,2,easy_single_obstacle_detour,easy,single_detour,3,5,2,0.4
opus_pdd_group_b1,2,easy_single_obstacle_detour,easy,single_detour,5,3,1,0.333
opus_pdd_group_b1,2,easy_single_obstacle_detour,easy,single_detour,6,2,0,0.0
opus_pdd_group_b1,3,easy_l_wall_one_turn,easy,single_detour,5,3,1,0.333
opus_pdd_group_b1,3,easy_l_wall_one_turn,easy,single_detour,6,2,0,0.0
opus_pdd_group_b1,4,easy_corner_goal_blocked,easy,single_detour,5,3,1,0.333
opus_pdd_group_b1,4,easy_corner_goal_blocked,easy,single_detour,6,2,0,0.0
opus_pdd_group_b1,5,easy_two_isolated_obstacles,easy,single_detour,5,3,1,0.333
opus_pdd_group_b1,5,easy_two_isolated_obstacles,easy,single_detour,6,2,0,0.0
opus_pdd_group_b1,6,medium_straight_narrow_corridor,medium,corridor,1,7,0,0.0
opus_pdd_group_b1,8,medium_central_obstacle,medium,single_detour,4,4,1,0.25
opus_pdd_group_b1,8,medium_central_obstacle,medium,single_detour,6,2,0,0.0
opus_pdd_group_b1,11,hard_maze_one_dead_end,hard,dead_end,5,3,0,0.0
opus_pdd_group_b2,1,easy_open_short_path,easy,straight_line,1,7,5,0.714
opus_pdd_group_b2,1,easy_open_short_path,easy,straight_line,2,6,4,0.667
opus_pdd_group_b2,1,easy_open_short_path,easy,straight_line,3,5,3,0.6
opus_pdd_group_b2,1,easy_open_short_path,easy,straight_line,4,4,2,0.5
opus_pdd_group_b2,1,easy_open_short_path,easy,straight_line,5,3,1,0.333
opus_pdd_group_b2,1,easy_open_short_path,easy,straight_line,6,2,0,0.0
opus_pdd_group_b2,2,easy_single_obstacle_detour,easy,single_detour,2,6,4,0.667
opus_pdd_group_b2,2,easy_single_obstacle_detour,easy,single_detour,3,5,3,0.6
opus_pdd_group_b2,2,easy_single_obstacle_detour,easy,single_detour,4,4,2,0.5
opus_pdd_group_b2,2,easy_single_obstacle_detour,easy,single_detour,5,3,1,0.333
opus_pdd_group_b2,2,easy_single_obstacle_detour,easy,single_detour,6,2,0,0.0
opus_pdd_group_b2,3,easy_l_wall_one_turn,easy,single_detour,5,3,1,0.333
opus_pdd_group_b2,3,easy_l_wall_one_turn,easy,single_detour,6,2,0,0.0
opus_pdd_group_b2,4,easy_corner_goal_blocked,easy,single_detour,6,2,0,0.0
opus_pdd_group_b2,5,easy_two_isolated_obstacles,easy,single_detour,6,2,0,0.0
opus_pdd_group_b2,6,medium_straight_narrow_corridor,medium,corridor,1,7,0,0.0
opus_pdd_group_b3,1,easy_open_short_path,easy,straight_line,2,6,4,0.667
opus_pdd_group_b3,1,easy_open_short_path,easy,straight_line,3,5,3,0.6
opus_pdd_group_b3,1,easy_open_short_path,easy,straight_line,4,4,2,0.5
opus_pdd_group_b3,1,easy_open_short_path,easy,straight_line,5,3,1,0.333
opus_pdd_group_b3,1,easy_open_short_path,easy,straight_line,6,2,0,0.0
opus_pdd_group_b3,2,easy_single_obstacle_detour,easy,single_detour,2,6,3,0.5
opus_pdd_group_b3,2,easy_single_obstacle_detour,easy,single_detour,3,5,2,0.4
opus_pdd_group_b3,2,easy_single_obstacle_detour,easy,single_detour,5,3,1,0.333
opus_pdd_group_b3,2,easy_single_obstacle_detour,easy,single_detour,6,2,0,0.0
opus_pdd_group_b3,3,easy_l_wall_one_turn,easy,single_detour,5,3,1,0.333
opus_pdd_group_b3,3,easy_l_wall_one_turn,easy,single_detour,6,2,0,0.0
opus_pdd_group_b3,4,easy_corner_goal_blocked,easy,single_detour,5,3,1,0.333
opus_pdd_group_b3,4,easy_corner_goal_blocked,easy,single_detour,6,2,0,0.0
opus_pdd_group_b3,5,easy_two_isolated_obstacles,easy,single_detour,5,3,1,0.333
opus_pdd_group_b3,5,easy_two_isolated_obstacles,easy,single_detour,6,2,0,0.0
opus_pdd_group_b3,8,medium_central_obstacle,medium,single_detour,5,3,1,0.333
opus_pdd_group_b3,8,medium_central_obstacle,medium,single_detour,6,2,0,0.0
opus_pdd_group_b3,9,medium_single_valid_detour,medium,single_detour,5,3,1,0.333
opus_pdd_group_b3,9,medium_single_valid_detour,medium,single_detour,6,2,0,0.0
opus_pdd_group_b3,11,hard_maze_one_dead_end,hard,dead_end,5,3,0,0.0
opus_sdd_a,1,easy_open_short_path,easy,straight_line,1,3,3,1.0
opus_sdd_a,1,easy_open_short_path,easy,straight_line,2,2,2,1.0
opus_sdd_a,1,easy_open_short_path,easy,straight_line,3,1,1,1.0
opus_sdd_a,1,easy_open_short_path,easy,straight_line,4,0,0,
opus_sdd_a,2,easy_single_obstacle_detour,easy,single_detour,1,3,2,0.667
opus_sdd_a,2,easy_single_obstacle_detour,easy,single_detour,3,1,1,1.0
opus_sdd_a,2,easy_single_obstacle_detour,easy,single_detour,4,0,0,
opus_sdd_a,3,easy_l_wall_one_turn,easy,single_detour,4,0,0,
opus_sdd_a,4,easy_corner_goal_blocked,easy,single_detour,1,3,2,0.667
opus_sdd_a,4,easy_corner_goal_blocked,easy,single_detour,3,1,1,1.0
opus_sdd_a,4,easy_corner_goal_blocked,easy,single_detour,4,0,0,
opus_sdd_a,5,easy_two_isolated_obstacles,easy,single_detour,1,3,2,0.667
opus_sdd_a,5,easy_two_isolated_obstacles,easy,single_detour,3,1,1,1.0
opus_sdd_a,5,easy_two_isolated_obstacles,easy,single_detour,4,0,0,
opus_sdd_a,6,medium_straight_narrow_corridor,medium,corridor,1,3,2,0.667
opus_sdd_a,6,medium_straight_narrow_corridor,medium,corridor,3,1,1,1.0
opus_sdd_a,6,medium_straight_narrow_corridor,medium,corridor,4,0,0,
opus_sdd_a,8,medium_central_obstacle,medium,single_detour,1,3,1,0.333
opus_sdd_a,8,medium_central_obstacle,medium,single_detour,3,1,0,0.0
opus_sdd_a,10,medium_dead_end_corridors,medium,dead_end,1,3,1,0.333
opus_sdd_a,10,medium_dead_end_corridors,medium,dead_end,3,1,0,0.0
opus_sdd_a,14,hard_two_dead_ends,hard,dead_end,1,3,1,0.333
opus_sdd_a,14,hard_two_dead_ends,hard,dead_end,3,1,0,0.0
opus_sdd_a,15,hard_move_away_corridor,hard,counterintuitive,1,3,0,0.0
opus_sdd_b,1,easy_open_short_path,easy,straight_line,1,3,3,1.0
opus_sdd_b,1,easy_open_short_path,easy,straight_line,2,2,2,1.0
opus_sdd_b,1,easy_open_short_path,easy,straight_line,3,1,1,1.0
opus_sdd_b,1,easy_open_short_path,easy,straight_line,4,0,0,
opus_sdd_b,2,easy_single_obstacle_detour,easy,single_detour,1,3,2,0.667
opus_sdd_b,2,easy_single_obstacle_detour,easy,single_detour,3,1,1,1.0
opus_sdd_b,2,easy_single_obstacle_detour,easy,single_detour,4,0,0,
opus_sdd_b,3,easy_l_wall_one_turn,easy,single_detour,1,3,2,0.667
opus_sdd_b,3,easy_l_wall_one_turn,easy,single_detour,3,1,1,1.0
opus_sdd_b,3,easy_l_wall_one_turn,easy,single_detour,4,0,0,
opus_sdd_b,4,easy_corner_goal_blocked,easy,single_detour,1,3,0,0.0
opus_sdd_b,5,easy_two_isolated_obstacles,easy,single_detour,1,3,0,0.0
opus_sdd_b,6,medium_straight_narrow_corridor,medium,corridor,1,3,2,0.667
opus_sdd_b,6,medium_straight_narrow_corridor,medium,corridor,3,1,1,1.0
opus_sdd_b,6,medium_straight_narrow_corridor,medium,corridor,4,0,0,
opus_sdd_b,14,hard_two_dead_ends,hard,dead_end,1,3,0,0.0
opus_sdd_b,15,hard_move_away_corridor,hard,counterintuitive,3,1,1,1.0
opus_sdd_b,15,hard_move_away_corridor,hard,counterintuitive,4,0,0,
opus_sdd_c,1,easy_open_short_path,easy,straight_line,1,3,3,1.0
opus_sdd_c,1,easy_open_short_path,easy,straight_line,2,2,2,1.0
opus_sdd_c,1,easy_open_short_path,easy,straight_line,3,1,1,1.0
opus_sdd_c,1,easy_open_short_path,easy,straight_line,4,0,0,
opus_sdd_c,2,easy_single_obstacle_detour,easy,single_detour,1,3,3,1.0
opus_sdd_c,2,easy_single_obstacle_detour,easy,single_detour,2,2,2,1.0
opus_sdd_c,2,easy_single_obstacle_detour,easy,single_detour,3,1,1,1.0
opus_sdd_c,2,easy_single_obstacle_detour,easy,single_detour,4,0,0,
opus_sdd_c,3,easy_l_wall_one_turn,easy,single_detour,1,3,3,1.0
opus_sdd_c,3,easy_l_wall_one_turn,easy,single_detour,2,2,2,1.0
opus_sdd_c,3,easy_l_wall_one_turn,easy,single_detour,3,1,1,1.0
opus_sdd_c,3,easy_l_wall_one_turn,easy,single_detour,4,0,0,
opus_sdd_c,4,easy_corner_goal_blocked,easy,single_detour,1,3,3,1.0
opus_sdd_c,4,easy_corner_goal_blocked,easy,single_detour,2,2,2,1.0
opus_sdd_c,4,easy_corner_goal_blocked,easy,single_detour,3,1,1,1.0
opus_sdd_c,4,easy_corner_goal_blocked,easy,single_detour,4,0,0,
opus_sdd_c,5,easy_two_isolated_obstacles,easy,single_detour,1,3,3,1.0
opus_sdd_c,5,easy_two_isolated_obstacles,easy,single_detour,2,2,2,1.0
opus_sdd_c,5,easy_two_isolated_obstacles,easy,single_detour,3,1,1,1.0
opus_sdd_c,5,easy_two_isolated_obstacles,easy,single_detour,4,0,0,
opus_sdd_c,6,medium_straight_narrow_corridor,medium,corridor,1,3,3,1.0
opus_sdd_c,6,medium_straight_narrow_corridor,medium,corridor,2,2,2,1.0
opus_sdd_c,6,medium_straight_narrow_corridor,medium,corridor,3,1,1,1.0
opus_sdd_c,6,medium_straight_narrow_corridor,medium,corridor,4,0,0,
opus_sdd_c,10,medium_dead_end_corridors,medium,dead_end,1,3,1,0.333
opus_sdd_c,10,medium_dead_end_corridors,medium,dead_end,2,2,0,0.0
opus_sdd_c,14,hard_two_dead_ends,hard,dead_end,1,3,1,0.333
opus_sdd_c,14,hard_two_dead_ends,hard,dead_end,2,2,0,0.0
oracle,1,easy_open_short_path,easy,straight_line,1,0,0,
oracle,2,easy_single_obstacle_detour,easy,single_detour,1,0,0,
oracle,3,easy_l_wall_one_turn,easy,single_detour,1,0,0,
oracle,4,easy_corner_goal_blocked,easy,single_detour,1,0,0,
oracle,5,easy_two_isolated_obstacles,easy,single_detour,1,0,0,
oracle,11,hard_maze_one_dead_end,hard,dead_end,1,0,0,
oracle,13,hard_long_detour_budget,hard,counterintuitive,1,0,0,
target,1,easy_open_short_path,easy,straight_line,1,1,1,1.0
target,1,easy_open_short_path,easy,straight_line,2,0,0,
target,2,easy_single_obstacle_detour,easy,single_detour,1,1,1,1.0
target,2,easy_single_obstacle_detour,easy,single_detour,2,0,0,
target,3,easy_l_wall_one_turn,easy,single_detour,1,1,1,1.0
target,3,easy_l_wall_one_turn,easy,single_detour,2,0,0,
target,4,easy_corner_goal_blocked,easy,single_detour,1,1,1,1.0
target,4,easy_corner_goal_blocked,easy,single_detour,2,0,0,
target,5,easy_two_isolated_obstacles,easy,single_detour,1,1,1,1.0
target,5,easy_two_isolated_obstacles,easy,single_detour,2,0,0,
target,6,medium_straight_narrow_corridor,medium,corridor,2,0,0,
target,7,medium_s_shaped_path,medium,corridor,2,0,0,
target,8,medium_central_obstacle,medium,single_detour,2,0,0,
target,9,medium_single_valid_detour,medium,single_detour,2,0,0,
target,10,medium_dead_end_corridors,medium,dead_end,2,0,0,
target,11,hard_maze_one_dead_end,hard,dead_end,2,0,0,
target,12,hard_u_trap_goal,hard,counterintuitive,2,0,0,
target,13,hard_long_detour_budget,hard,counterintuitive,2,0,0,
target,14,hard_two_dead_ends,hard,dead_end,2,0,0,
target,15,hard_move_away_corridor,hard,counterintuitive,2,0,0,
